use ucode_web;

#Filling the table 'powers'
INSERT powers (hero_id, name, points, type) VALUES (1, 'Regeneration', 220, 'defense');

INSERT powers (hero_id, name, points, type) VALUES (2, 'Energy manipulation', 250, 'attack');

INSERT powers (hero_id, name, points, type) VALUES (3, 'Protective fields', 160, 'defense');

INSERT powers (hero_id, name, points, type) VALUES (4, 'Superhuman strength', 190, 'attack');

INSERT powers (hero_id, name, points, type) VALUES (5, 'Healing factor', 210, 'defense');

INSERT powers (hero_id, name, points, type) VALUES (5, 'Superhuman strength', 180, 'attack');

INSERT powers (hero_id, name, points, type) VALUES (6, 'Raccoon senses', 110, 'defense');

INSERT powers (hero_id, name, points, type) VALUES (7, 'Superhuman strength', 200, 'attack');

INSERT powers (hero_id, name, points, type) VALUES (7, 'Superhuman durability', 190, 'defense');

INSERT powers (hero_id, name, points, type) VALUES (8, 'MARK XVLII', 210, 'attack');

INSERT powers (hero_id, name, points, type) VALUES (9, 'Iron shield', 200, 'defense');

INSERT powers (hero_id, name, points, type) VALUES (11, 'Resistant to poisons, disease', 90, 'defense');


#Filling the table 'races'
INSERT races (hero_id, name) VALUE (1, 'human');

INSERT races (hero_id, name) VALUE (2, 'human');

INSERT races (hero_id, name) VALUE (3, 'human');

INSERT races (hero_id, name) VALUE (4, 'human');

INSERT races (hero_id, name) VALUE (5, 'flora colussus');

INSERT races (hero_id, name) VALUE (6, 'raccoon');

INSERT races (hero_id, name) VALUE (7, 'titanian eternals');

INSERT races (hero_id, name) VALUE (8, 'human');

INSERT races (hero_id, name) VALUE (9, 'human');

INSERT races (hero_id, name) VALUE (10, 'human');

INSERT races (hero_id, name) VALUE (11, 'kree');


#Filling the table 'teams'
INSERT teams (hero_id, name) VALUE (2, 'Avengers');

INSERT teams (hero_id, name) VALUE (3, 'Avengers');

INSERT teams (hero_id, name) VALUE (4, 'Avengers');

INSERT teams (hero_id, name) VALUE (5, 'Guardians of the galaxy');

INSERT teams (hero_id, name) VALUE (5, 'Hydra');

INSERT teams (hero_id, name) VALUE (6, 'Guardians of the galaxy');

INSERT teams (hero_id, name) VALUE (7, 'Hydra');

INSERT teams (hero_id, name) VALUE (7, 'Avengers');

INSERT teams (hero_id, name) VALUE (7, 'Guardians of the galaxy');

INSERT teams (hero_id, name) VALUE (8, 'Avengers');

INSERT teams (hero_id, name) VALUE (9, 'Avengers');

INSERT teams (hero_id, name) VALUE (9, 'Hydra');

INSERT teams (hero_id, name) VALUE (10, 'Hydra');

INSERT teams (hero_id, name) VALUE (11, 'Hydra');